{
  "neg": {
    "precision": 0.6241787122207622,
    "recall": 0.6410256410256411,
    "f1-score": 0.6324900133155792,
    "support": 741.0
  },
  "neu": {
    "precision": 0.933143264433357,
    "recall": 0.9470486111111112,
    "f1-score": 0.9400445178430387,
    "support": 6912.0
  },
  "pos": {
    "precision": 0.7962382445141066,
    "recall": 0.7055555555555556,
    "f1-score": 0.748159057437408,
    "support": 1080.0
  },
  "accuracy": 0.8912172220313752,
  "macro avg": {
    "precision": 0.7845200737227419,
    "recall": 0.7645432692307693,
    "f1-score": 0.7735645295320085,
    "support": 8733.0
  },
  "weighted avg": {
    "precision": 0.8899965617306979,
    "recall": 0.8912172220313752,
    "f1-score": 0.8902180910603833,
    "support": 8733.0
  }
}